Workbook

Sheet 밀크런 배차 계산기
B2: 🚛 차량 정보 (트럭 통째 대여, VAT별도) | I2: 📦 총 파렛트 수 입력
B3: 차량톤수 | C3: 최소P | D3: 최대P | E3: VAT별도 | F3: VAT포함 | G3: 꽉채울때 파렛당단가 | I3: 총 파렛트 수 | J3: 79
B4: 1톤 | C4: 1 | D4: 2 | E4: 80500 | F4: =E4*1.1 | G4: =ROUND(F4/D4,0)
B5: 2.5톤 | C5: 1 | D5: 3 | E5: 94500 | F5: =E5*1.1 | G5: =ROUND(F5/D5,0) | I5: 📊 최적 배차 결과
B6: 3.5톤 | C6: 1 | D6: 4 | E6: 107500 | F6: =E6*1.1 | G6: =ROUND(F6/D6,0) | I6: 차량톤수 | J6: 대수 | K6: 적재P | L6: VAT별도 | M6: VAT포함
B7: 5톤 | C7: 1 | D7: 12 | E7: 129500 | F7: =E7*1.1 | G7: =ROUND(F7/D7,0) | I7: 11톤 | J7: =IF(J3>0,VLOOKUP(J3,계산데이터!A:I,7,FALSE),0) | K7: =J7*16 | L7: =J7*168000 | M7: =L7*1.1
B8: 8톤 | C8: 1 | D8: 14 | E8: 144000 | F8: =E8*1.1 | G8: =ROUND(F8/D8,0) | I8: 8톤 | J8: =IF(J3>0,VLOOKUP(J3,계산데이터!A:I,6,FALSE),0) | K8: =J8*14 | L8: =J8*144000 | M8: =L8*1.1
B9: 11톤 | C9: 1 | D9: 16 | E9: 168000 | F9: =E9*1.1 | G9: =ROUND(F9/D9,0) | I9: 5톤 | J9: =IF(J3>0,VLOOKUP(J3,계산데이터!A:I,5,FALSE),0) | K9: =J9*12 | L9: =J9*129500 | M9: =L9*1.1
I10: 3.5톤 | J10: =IF(J3>0,VLOOKUP(J3,계산데이터!A:I,4,FALSE),0) | K10: =J10*4 | L10: =J10*107500 | M10: =L10*1.1
I11: 2.5톤 | J11: =IF(J3>0,VLOOKUP(J3,계산데이터!A:I,3,FALSE),0) | K11: =J11*3 | L11: =J11*94500 | M11: =L11*1.1
B12: 💡 사용법: J3 셀(노란칸)에 총 파렛트 수만 입력하면 자동 계산! | I12: 1톤 | J12: =IF(J3>0,VLOOKUP(J3,계산데이터!A:I,2,FALSE),0) | K12: =J12*2 | L12: =J12*80500 | M12: =L12*1.1
B13: ※ 모든 차량 최소 1P부터 가능 (트럭 통째 대여) ※ 비용이 가장 적게 드는 조합을 자동으로 찾아줍니다 | I13: 합계 | J13: =SUM(J7:J12) | K13: =SUM(K7:K12) | L13: =SUM(L7:L12) | M13: =SUM(M7:M12)
I15: 파렛당 평균 (VAT별도) | L15: =IF(J3>0,ROUND(L13/J3,0),0)
I16: 파렛당 평균 (VAT포함) | M16: =IF(J3>0,ROUND(M13/J3,0),0)

Sheet 계산데이터
A1: 파렛트수 | B1: 1톤 | C1: 2.5톤 | D1: 3.5톤 | E1: 5톤 | F1: 8톤 | G1: 11톤 | H1: 총비용(VAT별도) | I1: 총대수
A2: 1 | B2: 1 | C2: 0 | D2: 0 | E2: 0 | F2: 0 | G2: 0 | H2: 80500 | I2: 1
A3: 2 | B3: 1 | C3: 0 | D3: 0 | E3: 0 | F3: 0 | G3: 0 | H3: 80500 | I3: 1
A4: 3 | B4: 0 | C4: 1 | D4: 0 | E4: 0 | F4: 0 | G4: 0 | H4: 94500 | I4: 1
A5: 4 | B5: 0 | C5: 0 | D5: 1 | E5: 0 | F5: 0 | G5: 0 | H5: 107500 | I5: 1
A6: 5 | B6: 0 | C6: 0 | D6: 0 | E6: 1 | F6: 0 | G6: 0 | H6: 129500 | I6: 1
A7: 6 | B7: 0 | C7: 0 | D7: 0 | E7: 1 | F7: 0 | G7: 0 | H7: 129500 | I7: 1
A8: 7 | B8: 0 | C8: 0 | D8: 0 | E8: 1 | F8: 0 | G8: 0 | H8: 129500 | I8: 1
A9: 8 | B9: 0 | C9: 0 | D9: 0 | E9: 1 | F9: 0 | G9: 0 | H9: 129500 | I9: 1
A10: 9 | B10: 0 | C10: 0 | D10: 0 | E10: 1 | F10: 0 | G10: 0 | H10: 129500 | I10: 1
A11: 10 | B11: 0 | C11: 0 | D11: 0 | E11: 1 | F11: 0 | G11: 0 | H11: 129500 | I11: 1
A12: 11 | B12: 0 | C12: 0 | D12: 0 | E12: 1 | F12: 0 | G12: 0 | H12: 129500 | I12: 1
A13: 12 | B13: 0 | C13: 0 | D13: 0 | E13: 1 | F13: 0 | G13: 0 | H13: 129500 | I13: 1
... A201: 200 | B201: 0 | C201: 0 | D201: 0 | E201: 0 | F201: 12 | G201: 2 | H201: 2064000 | I201: 14
